5704,848,4433,2360,6482,4379,6692,5075,5382,2432,3420,6102
3085,6550,4524,3366,1077,79,677,2582,1773,1371,6175,998
2872,152,4156,5827,3211,4809,1166,3587,513,4162,845,6935
1068,6583,623,5040,5094,5067,5202,5446,5387,1895,2241,3486
2655,4562,3618,4011,19,1153,906,2695,2018,3764,248,6895
400,5668,1878,3585,774,2785,5934,3135,6304,2046,4026,3310
2931,2165,2461,5633,6858,6278,598,4827,5857,1610,3580,5793
4569,4602,1174,5710,3961,2149,2929,6685,2672,2597,5116,2014
2028,6617,523,4720,739,3859,2253,6262,3612,4680,6000,5459
5133,696,3804,5812,247,4192,6549,2842,2322,541,6791,4088
2246,6191,2530,4582,4656,1643,2978,3468,14,73,2309,6836
6559,5000,2199,5792,15,405,4635,864,3767,6918,4193,2861
4345,4017,5383,233,1445,1800,6507,3448,6830,4738,2172,544
6710,2110,1152,4994,3671,5772,2867,3328,4818,635,5263,1957
6490,4516,3733,1794,4473,459,1377,2472,832,4466,4091,3231
2624,5418,5226,5539,4816,5038,1411,1234,2557,4773,2968,1766
3736,3235,2020,1223,6835,1382,6096,4531,6593,4073,568,446
735,1346,4385,174,4041,5851,3380,4168,2607,6610,1991,3867
298,3747,5259,3253,4089,23,6857,4435,529,3260,1135,1783
3202,1680,6897,6302,5947,2500,4392,4372,612,2268,3695,890
6612,4284,4654,34,2999,2039,2484,3279,5167,1046,6152,304
4413,585,3604,3829,4903,5918,2006,2755,1937,3474,6325,5290
2431,4445,4908,360,5517,412,6371,2013,3505,4775,2036,2683
5696,1207,4669,6775,357,2003,2694,4271,3303,67,5174,1183
3154,5832,2784,4476,2229,1665,711,5572,6305,2437,246,2302
992,4130,3333,1974,463,1642,506,3358,4054,5191,1363,6335
5373,4333,477,4109,2659,4880,2211,1150,4633,2951,2150,3435
5806,3490,6450,5234,2537,5960,4090,1491,6687,983,478,4607
3887,6463,2114,3928,4361,5676,3381,4275,5050,5819,1056,1514
2498,2061,3957,3691,3324,2368,5779,5955,2800,6668,6419,2541
5949,2303,262,6945,3360,825,339,4224,4386,1078,1266,3777
5553,6562,6927,3374,694,5023,2011,975,4101,470,5315,2250
1703,5941,1004,2814,6270,6369,5695,2159,4318,3532,574,258
1900,5905,4116,2881,4770,4993,3843,6660,421,253,1478,6516
5630,2436,4618,3150,3055,1962,5061,410,5495,6336,1905,2674
1444,2166,6060,171,4347,2924,5666,4795,4713,3309,1081,6706
2693,181,766,5078,5297,3469,3030,1785,5671,3889,1568,6806
4509,6716,341,218,6085,1625,4244,3299,2801,3950,924,6327
5012,3052,510,1801,3535,902,268,2652,1016,2285,3779,144
5780,6002,3159,2610,2954,762,409,6277,16,4906,1523,1745
3526,1582,5914,4774,4148,6532,3240,12,221,966,2066,4251
5535,6537,1702,1507,5571,3065,4434,6519,3531,2161,6143,4805
438,2971,1634,1751,2463,2326,5220,3990,6379,5784,4239,3122
2245,3243,6629,4874,326,795,640,999,5036,2925,1217,32
5163,4493,4683,4183,6762,4007,3518,1020,5359,3132,1110,2115
643,6898,6438,2350,5590,2982,4672,1761,926,6092,3546,1618
3828,4489,5691,2540,1212,476,3482,801,380,972,6240,1508
883,3680,1835,2408,1205,5761,6798,2869,1396,5326,490,1019
2203,5677,3576,2577,2966,6724,6509,4254,481,4555,6058,1431
3178,3813,6885,6019,854,1864,4133,6735,1108,5586,2383,6003
873,1705,6056,1306,4025,1417,4454,4086,5147,1251,2936,4909
1054,2237,6114,5872,3589,6944,3824,2831,938,5206,5615,6615
5159,1652,5479,4933,847,5136,3340,4589,5640,1902,1336,2985
6125,1375,3796,6915,2884,3352,2649,1889,756,3938,1834,155
108,4416,3594,1469,5239,4833,6618,1012,3608,1968,5093,5417
4236,5844,2757,4776,2072,4056,870,239,3395,4603,1614,4172
6366,3900,3167,2030,6149,106,741,6235,3104,2994,5569,1697
5542,933,1492,810,1188,330,5580,1939,4626,1799,5354,4564
2753,5111,3133,5264,324,3830,5183,1869,4400,6641,5451,1311
6187,6600,5591,6310,2391,4924,1862,2761,5146,2538,5225,303
2457,1886,3249,5997,427,4179,6356,5683,3524,6540,572,4595
652,5506,6930,28,1427,390,1550,5453,2190,2973,454,4649
4221,300,868,6894,4840,2775,4121,1830,4446,1132,2213,3058
6155,3062,2073,1070,4079,5076,3398,1481,4965,217,4632,6731
3422,6799,1983,4364,4377,923,441,5057,5310,2441,1574,5692
5809,5232,6236,3947,2511,1060,3098,4301,4376,291,5424,6124
2573,4117,749,5472,2941,1728,4605,6014,312,6528,2691,6809
6287,4901,3403,2839,4500,162,1408,6818,1698,74,935,25
6942,4216,6611,948,205,4807,4020,5829,1472,3980,3556,2900
4514,6311,352,176,2556,2520,1729,5212,4504,3038,6681,2173
860,2859,3091,5758,1825,4673,6919,3147,4219,3800,445,5027
3472,5576,1074,2019,5841,3131,4232,4700,2102,3662,5253,3029
320,4453,5368,1285,4802,2764,928,2145,6608,6795,3252,5534
965,4844,732,58,4147,383,6662,4558,3493,6354,3794,602
2640,2280,4370,6711,6069,3903,6826,213,3827,6429,5293,2822
2642,5072,1580,1322,5609,307,1674,3652,2734,2501,1305,4857
5739,398,2857,1279,1379,224,3649,722,6584,3203,2282,4926
2709,244,916,1332,5963,4209,3625,5999,4587,6728,6580,746
3816,4136,1033,4871,3124,6604,4518,1928,6825,1185,160,361
6947,3172,4563,693,2593,1167,5328,6131,2442,3712,2939,256
6168,5744,2778,6663,782,4647,1237,4918,4170,5304,587,988
5907,723,3205,4552,5458,1982,3786,6391,1486,3530,1565,5567
6269,317,3864,1495,1898,2614,403,5618,4437,4597,6566,2891
3621,2023,4368,6331,6163,4436,1989,3175,4620,5705,2692,6750
1845,4742,3544,4913,56,791,6290,2439,2682,4415,5491,5063
1413,3982,1655,66,6301,4904,3485,4428,5161,6005,1795,5376
3462,5344,5547,2565,5231,6579,5605,2196,2825,4339,2363,6856
3929,6937,6188,3300,5025,2513,6309,6099,2101,4099,2258,1829
1186,3491,140,3336,5984,1203,754,1744,5946,3770,1452,5321
6211,4657,1857,5423,6439,1380,3937,2116,4307,1300,3141,5455
2605,3189,2443,6851,1916,5406,4882,4729,2957,1879,447,1129
4819,2296,465,6779,4008,4872,1390,5306,1263,4455,1022,3277
5207,2064,5415,6088,1101,6699,6896,2581,4525,125,2882,1911
6501,1457,5335,4891,4577,3538,4182,1014,850,6815,5686,2465
424,4006,1246,2616,3545,1906,2202,3168,44,2236,2870,6844
3941,142,2278,6071,3908,3581,4421,1545,5767,2548,2899,1660
3568,1031,2062,2485,5682,1638,337,1675,3060,4983,647,3387
1438,895,406,2154,6090,6427,2592,5657,3500,3766,4406,1259
5127,6332,5428,1723,649,1791,6788,3510,4876,4391,4808,318
601,3862,5865,1130,4724,2823,3639,457,1872,2240,509,92
4697,5632,1253,3924,6816,4146,5745,4306,5021,3258,6141,1836
5444,4923,5484,715,6723,2688,3514,435,1062,4988,1025,1313
2956,3463,5923,5573,2526,1738,6228,802,5549,4813,271,2440
2793,3533,4702,515,931,5511,740,6380,1248,1693,6080,1756
332,2735,4048,4407,3579,1635,5083,3290,5160,6883,5413,919
6664,2725,5194,1240,2042,5842,4420,5287,2984,5581,473,2636
6423,3020,5449,2770,2007,6173,4877,619,4098,4566,3668,6941
5789,2315,1467,2826,6534,2496,3251,6832,5477,5158,1050,1278
5788,4481,6169,3415,1704,2992,2512,1175,2722,1847,5493,942
2482,5305,4997,1978,1301,3977,6510,3101,4696,5774,6196,3326
1509,794,4127,18,4536,6741,627,6055,3775,4217,3506,1090
5128,2913,397,1608,4619,1312,1730,5367,3208,6498,5187,3798
3483,620,5500,5994,3832,2818,866,4972,6680,1067,387,255
5465,603,6321,4302,2792,1688,994,4753,3645,5166,6034,2184
4282,5648,3981,4718,328,6477,4941,2930,1575,4784,1775,3892
4273,3623,2265,6139,5714,5566,1821,3479,6916,3174,982,6907
487,4139,6255,5007,737,3136,5980,6491,4790,2766,226,3006
4262,2169,6637,5227,3000,2008,120,363,17,1569,2445,5054
2016,4728,1367,109,6098,6280,3619,11,1935,6596,4356,5047
1651,6674,6749,5476,1971,5434,4766,914,1422,3280,5082,3725
5894,4779,469,5598,1122,4269,6205,6782,987,1480,2963,4359
5753,1668,4253,3042,6431,3255,3427,1354,954,2219,6104,3716
3458,1451,5237,3735,1541,6530,6752,2098,4953,5482,626,175
3953,2301,5526,3024,1695,2596,5943,1742,5822,1397,4883,1100
5645,4533,2155,229,5988,1663,2528,5372,1273,4263,2895,6913
391,1147,5501,282,2934,1910,2304,5048,3583,4225,5024,1357
6922,4695,1115,206,5856,3263,6859,1256,5346,3573,691,154
5815,2130,3825,6022,5799,1762,4521,6430,3803,4488,1018,2874
5720,3064,6402,1021,3564,5162,4879,87,6176,3364,2307,1587
4828,1656,3037,180,5674,5251,662,3271,1226,1909,6471,1355
4152,6044,4781,1350,760,243,5487,6015,6437,1813,4608,5341
4462,4644,211,3295,6743,167,2286,1624,5893,3841,787,3004
654,2888,1903,1950,6324,5286,4161,4052,2378,4856,2405,3994
6053,3748,6607,1414,3239,6360,2781,830,4295,5068,1843,151
6246,4915,6444,2926,1547,386,4105,2317,3094,5266,310,3317
5364,2650,3776,1488,1073,6051,5270,1264,3637,3165,6020,6807
673,5117,4003,1802,5719,3146,6220,995,4044,1849,6343,4698
5706,3939,6934,6515,3315,4230,2359,3784,720,1429,2085,4755
5922,4576,936,2256,3861,6555,3630,2588,501,6151,2486,2724
6647,885,4931,3023,6454,2572,6095,5595,6847,1822,2779,4365
5152,5442,1134,1892,3305,5820,2389,3047,5397,6814,4264,488
5029,4897,2799,1276,5764,1590,6736,564,3430,4495,604,480
1456,4617,2923,1664,3236,6313,5961,981,5703,783,3951,1617
2069,4281,1347,3689,4899,5132,5548,2914,1549,6256,3646,799
4934,2795,2051,609,234,6006,1228,6545,6100,2473,3158,5654
6031,5022,4457,1044,5735,5396,1162,3318,1449,2390,4393,2012
3045,4076,252,5824,379,2726,2608,1881,6406,2053,4403,834
6879,3657,2329,642,208,2092,6384,5125,1803,2873,3910,5568
285,3643,4383,1662,3196,5336,945,369,4218,3898,5957,6511
2618,6136,5607,3575,871,2385,1428,1261,5930,4490,4676,6241
2464,2038,1118,2948,4198,3988,5995,6899,1602,5875,4694,72
1855,2362,953,4187,98,1562,3261,5197,5986,4125,10,6636
6554,3554,2690,5987,549,1113,5587,592,2290,6742,1707,4865
6546,4245,765,4638,1852,2274,2746,4065,323,1551,3018,3901
4671,2909,1381,210,1116,5499,6244,937,4167,2026,634,2367
6219,6651,6122,2168,3351,579,1917,947,2506,5399,4892,2880
3399,625,1011,1079,5208,6765,5687,3826,2000,3130,5554,1194
6906,1158,4767,3515,2532,5435,6166,2830,1037,6645,2178,2124
4613,2208,4658,1533,2580,80,3565,4690,2687,20,2121,1940
261,1604,2392,930,4431,6416,4126,5503,429,3379,2337,6758
3996,5285,5652,6709,1099,2287,1484,2932,3451,518,608,2550
5564,1447,3007,6597,913,2276,5816,2564,366,5737,779,1291
526,6822,738,4565,2332,5796,1927,4730,3477,5629,2207,3061
5757,3610,4030,2394,5854,4734,1579,6839,3109,6039,3476,817
2180,5350,1669,4910,5551,767,3442,976,6520,3865,3113,1327
45,1170,618,2591,5126,757,1607,3103,1955,5968,3660,143
4660,4360,136,577,1255,2946,5754,1403,3703,2425,3270,4483
2612,1293,3878,6560,5331,3246,485,6853,3195,2271,1779,5069
4235,3694,2187,1157,4640,6067,4366,6781,1682,3013,946,5730
5288,1329,5110,2637,3504,1526,5530,6363,1936,4749,5473,3337
1672,4459,4201,2562,2776,5722,1055,5830,6295,6865,8,4984
6467,2606,4854,1555,714,158,2849,940,552,4561,3906,1319
5404,1097,4465,4834,4648,71,3616,6689,959,2510,2272,2096
5065,3439,1913,2905,6767,2179,2589,336,6506,5560,2335,5512
5660,4097,3008,3771,2718,3311,6563,6106,2209,6828,1720,4761
1658,2715,2133,1640,508,3346,3709,4848,3727,6386,6041,4241
2346,3063,5504,6084,4571,4497,6536,3429,4604,1851,1239,115
209,1919,5976,747,6218,2935,2713,4096,4208,2139,6502,5142
3696,1180,1338,922,2388,3525,5324,674,203,6929,3683,5989
6318,6864,4817,5901,4768,145,2340,3404,1531,3588,3913,5771
4122,1483,141,2074,6632,624,5570,2319,4842,4353,6409,3512
5330,5181,2204,1182,1325,5151,3698,4234,6694,3224,5102,198
2915,392,1609,6817,5603,3713,2372,5077,884,302,6306,3933
1517,1043,4912,1603,5223,5374,1163,137,5817,5775,3289,5044
2177,3361,3960,822,3054,1172,1459,4677,520,5620,1686,6254
3868,3257,5663,1716,3728,683,6107,6677,580,2040,122,997
3414,5242,2741,639,2560,5466,4114,1084,5019,1254,1752,444
6587,6082,4375,3893,656,4517,4427,6293,5787,3080,1383,507
6217,980,1996,2420,2904,5991,2613,227,6407,5363,805,2370
3436,5621,4031,2997,2277,4688,372,1169,6914,5170,4850,2701
5313,2471,6721,2122,5908,3362,1218,2312,1433,4590,3783,4544
1788,3890,1494,960,3078,3447,4032,540,6263,1146,290,5675
4579,5768,742,1260,4741,3157,2907,1516,1959,3421,2469,6115
3718,1127,2752,3734,545,3225,4491,2210,5138,2147,2035,5403
6251,5937,6495,1870,2479,3138,105,2878,4464,1734,3823,5932
3095,4472,4661,769,2462,2174,5528,1994,6064,345,1121,3444
4190,5531,4070,6296,784,4461,2255,1710,2503,3511,6923,5940
2330,3354,6676,6794,88,2979,5384,4974,4243,511,3572,338
2152,4634,3185,4725,3600,4094,889,3350,667,3092,6249,1557
4408,5903,1430,1823,22,1006,1536,5944,3519,1859,3915,6415
2047,3308,2732,1543,6434,4129,3010,846,5008,6132,496,4546
1358,3140,4591,1769,1268,3446,4971,4841,365,5157,2829,168
3183,3048,600,2112,382,124,6889,1558,4925,763,3873,4954
1518,237,1120,5395,2908,5887,4799,6238,798,4195,2083,1923
3685,4394,6939,5289,1583,709,2119,1389,388,5847,3394,4989
748,2751,3143,6595,4410,3708,2070,1225,3721,4062,6130,5642
1915,3944,5189,2921,2328,2316,471,4093,1747,6144,5280,4185
2828,3686,4120,5301,1356,460,4811,1868,6281,5912,1819,764
3056,3774,2270,5131,6113,2630,939,5783,4610,6486,1899,3181
3382,3959,781,4814,1938,5060,3704,4639,1138,4351,6049,266
4943,316,5520,5662,6598,1299,2164,4246,1646,5959,3241,2917
1209,4763,557,3666,3110,993,2937,6203,1653,4432,68,6109
306,4812,4084,2998,951,1597,6946,3281,2261,6451,3802,2629
5727,4080,6882,1442,2118,1126,3027,6594,5085,842,3550,4843
5734,5656,4542,4119,3760,6052,2176,2858,6633,968,6803,6348
6405,3384,3831,5555,4625,5496,1426,668,6760,2382,4861,6032
3790,3676,6086,4622,3517,4664,6257,1493,1024,6639,4210,4703
4964,2476,1641,1760,3003,1416,267,2491,3976,4598,681,5443
6258,4414,3409,1522,4247,5300,334,6140,3083,130,2113,1274
6900,6489,5693,2355,5883,3562,971,6622,2711,3912,2094,5045
43,3489,2678,1782,4919,710,3849,1566,881,5559,5148,2044
4975,4214,342,807,3102,3051,3327,5124,6347,5488,2568,6243
6189,3215,4929,5355,1404,1774,3661,5071,2846,479,6394,3596
2670,1080,4287,3405,5733,2056,4675,1912,4049,4238,583,385
3577,2224,1328,1202,6924,5431,5380,6456,5971,4606,2468,2402
5190,2365,6283,5101,1626,4081,4545,491,6869,2412,3291,1776
4800,2333,2381,5055,1308,3090,5414,2852,3419,2105,433,1553
3715,6195,116,838,3737,2808,1199,1953,5494,1394,5092,4335
1198,489,3888,1439,1119,5031,5327,2879,695,159,4873,1876
2430,5180,1750,4492,5461,3169,2747,3973,5614,4174,4884,6493
5107,505,4405,2295,4095,2421,1136,1035,5229,6745,2836,3958
3932,6911,6231,5015,547,3418,1269,4806,4343,102,2749,6007
665,5430,3076,1238,879,6066,6553,57,3559,1765,2832,2347
4689,4803,1164,4332,616,2571,1891,6198,4047,182,6878,4018
5467,2206,230,6657,5137,2679,2060,3602,3522,4980,853,1694
2126,3021,107,1030,2681,3355,1093,5073,4060,1867,2533,2401
3392,6358,4769,238,5370,2743,4600,1606,1001,6267,2251,556
1231,5781,1654,5097,2247,3247,5182,6081,5302,4547,6468,3850
5349,6732,3219,1125,796,6142,1013,4240,4175,2283,5616,6737
6436,950,6586,1863,3071,606,1921,5515,3974,5463,4667,3228
6420,1810,5699,2376,367,1505,4450,4939,3438,560,3969,1947
6840,1098,3854,4143,5178,6601,3732,5821,4886,2748,194,2517
384,5861,6783,3609,5717,3151,1461,4261,5486,5260,1884,6564
6661,2142,5046,1840,3256,5437,260,322,2544,865,3834,4898
2483,6353,5011,707,6880,4735,6,376,6690,2820,5777,4300
24,3155,6926,5254,5956,1039,2499,2961,3844,5516,1943,1296
3729,5996,1192,5600,5014,5556,880,4303,4268,6453,1436,4197
456,4024,2883,1532,407,5282,4586,4176,6261,2356,3749,5954
1058,3149,3752,3425,1466,1826,6774,348,869,1128,3874,138
745,1883,4342,6503,2057,5469,2699,3502,401,242,4982,4787
5365,1998,519,2976,2488,5108,6408,759,2339,6017,617,5604
3756,1670,4294,6576,2902,5638,4102,5037,4976,452,5653,1463
4207,3681,2298,3034,5664,399,5279,3213,6761,1691,5786,800
1544,2379,5843,4004,42,1123,2212,6854,5637,5272,2621,3807
6533,6177,3761,2898,4867,770,1344,321,4496,1089,114,1926
3955,2527,4424,3876,250,777,6266,2916,2361,6404,4266,4958
3812,2758,6334,5039,586,308,2404,1981,812,984,4539,5748
2535,5216,314,1591,5421,6345,1958,6063,5314,3503,2032,4889
53,708,5104,2918,1399,2079,3325,4034,4417,1542,534,1106
4793,6561,1824,2554,3866,5470,2635,3614,2267,6524,5650,1873
1858,2364,1629,2454,5891,2519,6665,3001,4411,6443,3658,5440
2685,2972,5445,5392,2638,3471,6810,6027,721,4921,5257,6499
4523,703,5741,3809,5032,4231,2447,1837,6655,3173,3186,6300
5881,2958,292,2395,4895,1401,4226,6829,6505,5910,3137,5271
3534,1781,5563,2021,6599,896,2143,2584,4181,6531,2848,4830
5724,2996,2663,3654,4480,5862,527,6460,50,1992,6445,768
222,4021,4584,2673,4067,5106,3388,6747,3481,5262,628,1540
504,1109,5613,4548,893,1671,4846,5347,1918,3678,2349,2977
389,6686,2433,3897,2004,3592,593,6888,6079,4978,1114,3636
4037,5601,535,2651,5004,3607,5358,3670,1151,2885,5245,1746
3842,1143,2493,5033,3431,4439,6850,2415,941,630,2959,5765
3075,3453,6575,3778,4888,2868,4860,3152,286,823,1956,4574
4404,4719,3516,5145,3353,5639,6658,2374,1627,2684,3972,1850
497,5873,2911,6383,1676,5752,5059,3753,3214,1342,5173,1112
6368,2703,1667,5574,661,6029,6075,4949,186,3033,1267,6902
743,5379,6702,4947,2897,2514,4323,6432,5624,2438,6150,2158
648,3629,5635,1148,13,4824,2531,6713,2448,6744,2689,2459
4494,2594,47,1208,5906,1741,177,430,3822,3881,1485,793
6479,2487,2665,6793,5508,758,2140,5647,4418,3819,4184,1724
4107,607,2081,6756,3520,5669,833,4737,1475,1527,6447,1924
704,6319,4757,5362,2015,2410,2707,484,3209,1034,4506,6771
1045,4449,296,2175,1385,4111,3966,6388,3527,925,6931,4825
797,6466,6036,2865,6905,5505,4140,5855,2300,3954,3335,1233
6652,1415,3743,5715,836,590,4289,1289,3313,46,2856,5911
3781,1387,1524,2851,2427,6118,199,1124,929,2127,4274,2601
2705,2991,3218,6018,6813,6357,3769,5523,1692,680,920,359
5948,1200,5898,3086,2331,4596,5681,6808,2623,2198,5049,4630
5429,1828,6316,4298,2048,1008,149,2765,29,5113,772,6640
2744,6183,4631,5275,2080,6355,2478,5982,3738,3207,468,1808
666,4629,371,5597,918,4409,1193,6273,358,1339,3626,2470
2576,4937,903,2041,134,5411,2647,2024,2456,3049,6285,4801
6367,1546,5340,957,4149,1977,2620,2490,5497,3345,5185,553
3265,1500,5211,1265,3002,2128,1780,474,5868,5655,5088,2269
2492,5582,4798,3457,325,127,6248,4299,733,1271,2334,2625
1567,4063,2151,3015,6462,1772,2617,3282,173,2661,4510,6093
3187,2466,4463,6797,4870,3869,3563,2901,112,6582,5661,4154
2449,126,2095,3492,4820,2643,3945,3342,752,2109,1290,6226
492,2481,6457,4074,1406,5252,6059,788,5644,3411,6627,4754
3320,1979,4484,2854,5518,4995,5258,3120,404,1145,633,3845
3127,5100,3466,1708,3606,6413,1666,3999,4887,2049,4499,3012
4211,3795,2817,4739,3341,3949,6683,974,6862,6315,841,1972
6766,582,719,2754,1990,157,5134,1366,6294,1711,516,5377
2218,1570,3927,4390,6820,6701,2284,5177,3192,451,4001,6153
3035,1196,6526,4928,4186,1985,178,3571,3204,1393,4155,877
6435,2698,5538,5850,5596,824,349,4715,6886,2393,3638,6669
4055,1865,2892,6284,1432,1721,2141,5756,440,4893,5276,4583
2570,1952,4134,2720,4961,3631,37,6697,1220,827,5888,6026
1786,6291,2417,81,5471,4325,4015,3031,2729,6116,701,3557
4354,3432,5325,5685,5879,5729,3200,905,6227,3705,1584,4963
1351,1701,6215,2288,1048,2845,4869,6279,912,5513,4296,6128
958,4487,5694,1292,1318,6011,5452,2790,6167,6704,5312,3298
6202,5164,955,1036,77,6572,3569,4387,2944,5795,1815,2059
5277,6274,702,2786,6748,6671,2975,2078,3286,350,5631,4628
3401,1302,6286,2406,4248,1448,6200,4002,4180,6727,30,2055
6078,2545,2181,4878,1440,5425,2111,6091,1111,3548,6322,4479
5909,4469,1412,2797,2311,3087,5236,1190,563,4399,3450,5701
4740,1611,51,5871,1177,5294,3068,3273,6776,4260,3801,475
3306,4128,2967,5833,4189,4986,6754,2077,555,4852,5579,1528
6037,594,1402,3194,4780,4115,3963,1191,3332,4981,442,4177
4475,2232,4228,2129,5636,2771,4914,4681,5393,3627,1796,6398
3899,1343,5670,2628,3166,3383,5139,5199,425,1628,4290,195
3266,6523,329,6323,2702,1997,4255,2163,273,5281,4505,5371
5268,6470,4823,5533,5205,1644,3116,621,2428,6787,538,2960
6696,2104,2774,6414,5492,5247,1920,5728,6065,1378,2641,3314
4451,5412,2422,2542,2146,3722,4705,6105,5925,4395,4866,6577
3292,4329,3663,5945,6508,5867,2953,1423,5751,4709,1743,190
2768,726,4222,1622,4599,5522,54,927,6164,1661,4550,5835
6134,354,1731,3839,4999,113,2949,6551,1441,4350,4380,3288
4515,2185,1581,5303,4313,3758,6688,6129,5283,2739,6755,94
3077,816,3363,5936,3445,2043,4486,5612,4166,377,495,6614
5575,6943,4593,5837,3891,3508,4679,2611,3142,1932,187,2200
629,431,6496,2824,6272,5001,2182,483,5902,4229,5422,3331
4864,1010,439,4169,1973,2712,5114,1374,3634,163,1277,684
575,5929,2919,3459,6675,874,5667,4529,78,2341,1853,4178
3134,699,5483,499,4863,2920,6045,6867,6730,1244,5447,3578
6693,2903,3275,3567,4272,2648,1717,132,5402,6103,5256,1951
3184,6030,6073,1767,4765,4592,6910,192,6390,4337,3611,5345
2299,5394,4736,2969,4022,232,6297,6831,2671,1696,2559,4297
1521,1630,269,6881,789,3378,2599,6678,6276,3697,5385,1041
2239,423,1065,1601,2305,4760,6845,2876,892,263,3792,3659
1330,2091,5972,3848,5915,3046,5081,3114,96,5217,1176,6634
5436,5366,2279,5150,150,6119,3456,4346,6212,1612,5249,1245
5723,1184,1554,4950,4153,744,5970,3541,4352,1874,2377,3787
1281,5141,335,4371,3540,5357,1512,3975,2634,6682,565,4223
6117,4711,3952,202,6461,4338,1754,6013,3026,4788,6912,2120
2005,5917,1071,3162,3285,3750,6933,4317,631,5782,5884,1405
4320,3385,3343,6921,3700,2226,6474,5356,2188,1511,5188,5013
1563,2847,6557,3555,1053,1450,33,3480,189,4759,1673,775
3692,3805,2549,402,1314,2730,4911,1535,4764,472,2452,6221
254,731,2434,6870,1000,6337,550,5361,2983,1600,3312,4858
2677,3323,657,5519,1091,2489,6547,4968,39,2380,2106,6146
4191,3197,240,3757,5311,904,394,4868,1149,6024,2136,4113
3501,4520,4033,2117,1140,5298,2100,4305,872,5966,3674,1465
3079,2853,3391,5826,3584,4785,1757,153,809,595,6606,1288
6458,1946,1841,4956,2993,1395,6110,4896,5588,1087,712,450
4804,6734,5041,5250,2717,1309,2384,1142,728,62,5584,3009
6613,3751,6846,894,2416,4528,415,4319,1464,5030,2099,164
878,3407,1105,1941,2676,2308,716,4053,278,6715,4083,5804
4144,5171,2521,3561,1315,2097,1007,5625,1842,3036,5938,4188
2805,4456,562,1737,859,5329,3443,1893,5622,1360,4468,6573
3210,2928,2583,3998,6328,2266,6757,5928,416,4137,4917,5233
3628,2578,2320,3171,6074,4106,1619,569,4701,5267,4334,1498
4859,2675,3537,3022,5785,6824,6070,4540,3711,1258,5468,2518
4142,2171,3921,6712,4401,1409,6418,4637,4151,5510,819,6193
5507,5204,3284,3679,309,1179,2756,4641,1770,2396,6609,6009
5419,368,4206,64,670,6517,1257,2782,6877,2494,4674,3089
2025,698,5441,899,6811,443,2835,279,6567,3978,3426,319
2524,2622,3232,3620,1496,4862,449,6649,6759,1639,5035,4092
4938,6179,6204,5755,5179,2731,6340,5532,6861,3744,1980,1002
1649,3084,5273,3918,3413,6397,5979,1967,2660,6094,1598,3855
453,3926,3879,3123,589,6250,148,1732,1811,4902,803,5062
2810,3655,1386,2068,4328,736,5291,5474,1934,1137,5713,378
1904,6061,4330,5378,558,5184,2409,2798,6512,5602,5265,6247
5165,287,3217,4932,5051,6703,2666,2262,3858,6780,3069,1155
3390,3936,65,4684,5120,3349,5698,1596,2680,1027,343,6275
6012,2475,5623,1133,6938,408,3872,4826,776,2815,5375,2193
5209,2552,1242,5802,5885,2632,3041,5849,2738,6648,3412,2371
2791,6424,3730,4578,829,1530,275,1856,979,418,2238,4227
6465,2609,5521,2453,1230,5219,1489,3746,3025,4951,3348,353
6473,3222,2990,1407,1294,5122,4036,1678,156,4355,5292,4066
4624,165,4966,5386,1525,6292,4985,313,4259,1372,5900,3389
2273,882,6786,6541,2864,3642,3851,1298,91,5950,1871,6518
655,3212,1362,6326,3452,2458,536,5144,4471,5478,128,1969
4050,697,4743,1473,2783,1051,3509,1221,6232,5649,4712,5762
5919,3423,5337,727,2788,4549,1320,5274,578,1280,3220,5608
5839,2353,5426,503,4291,653,6299,6145,1534,2812,5475,1759
2103,6440,241,6849,2227,5115,2772,5742,3067,4685,2505,1538
5343,1462,713,4772,356,1307,5750,1595,3543,2789,6751,1088
5489,687,2194,3586,876,6201,4717,2906,6148,1446,6213,1713
4503,4124,3096,2547,4722,283,1215,6654,2446,6108,4782,31
3690,5611,4560,6643,5740,7,5295,6127,2022,4249,3368,3164
2759,6631,730,6738,3742,5153,2071,4810,548,4845,5536,6425
185,6448,1930,6374,4440,3357,3837,706,4202,4118,6753,4944
1443,6377,4087,6186,5916,3119,3081,1577,614,3465,289,2222
5726,605,3376,3984,6271,41,5105,1455,2009,3641,771,1578
5401,4422,1201,6449,1304,5087,1310,2662,815,172,3057,6181
1297,2451,6076,3720,5805,2721,837,38,1370,4751,3478,6605
3688,3741,6940,4920,2806,2170,5773,6480,952,554,4508,3294
2497,3307,2373,692,3922,4650,1749,1154,5599,956,1490,3470
3367,6068,1270,4159,1888,6768,5319,4108,4511,2249,2619,5876
414,5090,4522,2397,5224,962,2893,6842,5594,3759,1647,2338
4460,3919,3097,4960,4069,131,1789,2413,6548,908,4723,2075
1497,4448,2965,6821,5983,214,5381,664,1171,5700,3254,5053
3995,1420,6376,257,3014,1896,3799,4575,1227,5975,6260,3191
3296,1866,559,5672,6207,1144,5546,1503,4693,4292,3644,5866
6160,207,1797,6351,6796,4832,973,2243,3495,5244,1931,5400
52,3118,458,792,2063,6513,4907,117,3498,1689,4747,3706
581,1156,6872,5438,40,5016,84,6459,2955,6199,3566,4572
5074,259,4363,5964,5688,844,1687,6746,1160,5338,4952,2351
1890,1960,3106,6230,2523,3726,6403,615,5388,147,5240,5965
1645,4075,6590,2052,6137,4265,2108,1454,6282,3613,3710,455
1195,5731,2600,2877,778,5052,4568,1970,5502,1471,0,1173
1657,2235,1284,2131,818,2763,277,3820,4670,4501,4138,588
5790,3788,3190,1059,1809,344,2281,3622,5565,6469,5112,4789
2418,4581,1613,6874,5673,3372,3923,4150,493,989,5889,4038
4358,1768,1807,2912,2345,6158,4384,5626,3836,1009,502,6375
1715,1348,4829,4881,6392,2058,3943,333,3356,537,5543,2522
1400,5201,6476,1038,6804,1984,82,5746,1241,3513,434,5018
193,5228,6801,4010,1804,2336,3665,4979,2834,1572,3293,6373
2927,4551,63,1085,887,6666,4267,1700,3971,2144,5814,2399
3112,4678,659,188,1213,1331,4171,4112,3016,863,6714,5981
3551,4748,2419,724,6210,1066,1324,3050,5882,3193,4707,297
5169,3319,4304,2467,3935,90,3156,5123,4131,6838,1272,2804
4160,6320,351,3238,3640,1860,3916,1418,5897,867,467,1633
750,2639,2970,5017,6672,4659,1585,6868,3100,3160,5593,5651
2644,1722,3768,1763,4369,1504,76,436,2952,6192,6558,3
4643,533,1003,4527,6349,3487,101,6679,3840,6077,3099,641
4348,2706,5870,2429,1107,6827,3723,5658,4594,6591,3126,274
6925,5939,2558,6570,5846,93,3965,886,2980,3904,1999,1364
426,671,1063,4987,5769,932,4612,6245,1425,3536,3791,5307
5156,500,4103,3093,5878,6936,216,4651,2160,1564,5838,3632
5679,3902,395,1887,1243,2386,6538,3396,4609,6021,1017,6819
4955,1685,6903,2809,3338,3934,5456,272,1057,6393,2354,831
5196,1359,3242,5118,6185,6350,3547,4771,2197,6642,5763,5537
2704,461,5550,3598,6004,1539,3946,6455,6790,3393,780,5874
2001,3329,4778,2645,6792,1229,5886,4341,5529,2697,3821,900
3772,1470,5840,6338,717,2602,5308,3359,4277,184,1827,6772
1178,2414,4794,3245,5432,5042,3494,6833,6650,2034,6042,4068
6028,4642,949,2843,183,2575,3648,4215,1897,6123,6619,2344
2657,6452,6691,2325,4727,311,3088,840,4444,5778,2248,1560
1501,2310,6871,3739,5525,676,6062,1282,3304,4875,75,6644
2813,5168,6387,5299,1787,6089,4367,2153,5352,1086,6161,5797
5498,6892,5541,2084,2342,5808,6718,3811,2802,1719,4855,611
5813,3496,1948,1908,3833,4853,6698,1026,835,200,4199,1092
4324,5457,6043,1593,4502,2777,3475,1211,3250,3806,2426,1388
4373,5992,2090,5210,1161,3773,6259,3402,5794,1398,191,2950
5732,2107,4991,3570,6659,2887,5562,6411,4699,4104,2567,4382
494,2819,5119,3979,2214,6308,4973,530,1573,6623,5010,613
5198,3125,5098,1040,6399,528,3909,1812,3440,6802,2714,943
161,5450,2708,5869,3870,3040,6932,1069,6157,6866,2654,4916
110,2943,4537,4894,6010,5269,6670,1340,3860,3647,4164,1104
1846,6206,437,5410,1559,4948,251,5877,1453,3259,3553,3597
299,1854,3539,2037,3105,6023,5578,6229,4797,6529,6616,4336
3473,5803,5222,5921,3967,3615,1095,4652,6726,2205,6887,4027
6504,4071,4283,5892,2093,4559,3377,2710,5853,6777,69,1844
5933,6389,804,4257,5707,4398,6253,2986,2260,4,1599,4623
5420,6875,3053,4340,2323,4967,295,3574,1875,3199,2293,1616
6719,3264,4616,3019,1435,1236,3603,4242,5485,4553,5807,2263
5064,422,5192,5585,5026,2896,1792,2033,6521,6841,3797,498
6635,3852,3198,6046,2157,5627,1907,5056,2411,5320,4732,6303
5089,215,1365,5203,1224,6720,146,4554,340,2890,985,3987
6378,4706,4668,1753,5544,3875,2716,5811,448,761,2228,3043
1376,5678,4513,3434,1159,3216,2840,4467,364,6646,910,2586
6525,3497,2088,6264,5342,1458,4349,89,6385,5248,4821,3699
4165,5084,1326,2719,220,551,3740,4396,2186,3297,678,6329
5993,1631,1506,5800,669,2534,3153,1677,3917,1,4970,5079
3176,3986,4996,4570,2981,1096,6120,3269,2132,6224,5557,3464
2938,1589,4173,961,5218,6138,5708,4213,6481,5899,3227,1740
1839,5858,4708,3863,4279,6317,6717,2444,4796,2787,3188,4621
6725,753,5848,5969,3672,6785,4557,576,3229,5332,1726,179
3948,573,4969,6500,2942,5176,4028,331,1468,6740,5759,6033
4519,1816,4321,2407,6860,486,3144,5702,6050,3964,6527,6917
898,6121,1023,5659,3682,4665,1437,6539,1944,1561,663,97
1833,5904,934,5454,6165,1954,281,6346,3108,1805,4322,773
4458,1576,5339,6111,5863,3521,3673,85,1321,2435,5509,6381
6197,5003,1620,4016,2221,857,4388,6920,2536,3617,1487,2264
5398,3129,3410,1317,751,5080,288,6446,2794,4526,6638,6162
4687,48,6038,6194,1778,1139,2750,4389,3635,1942,909,3595
1736,2767,5736,1679,1333,3428,3782,729,6314,5818,5129,3074
1082,2837,4381,1798,5823,4663,6382,5749,3810,2357,373,650
1460,3931,6341,3675,6834,4691,4039,5697,6072,1988,3373,4837
1189,5924,6764,3780,2631,4196,393,100,2862,3226,2082,3763
2603,2947,1758,1341,5895,6628,3664,4288,2358,4110,1049,1818
4270,2736,6048,1235,6288,4157,891,3230,2076,3884,3059,4838
2087,6016,6396,3070,4588,5725,6054,4072,4326,6722,2827,4614
622,1076,2027,5200,2871,2183,4746,129,4045,6172,1028,6225
672,3701,5641,5316,6568,5770,2031,6268,2054,2669,5155,3400
362,3408,1784,6909,5086,2225,2863,5628,689,6542,1102,996
420,5527,1029,6208,1515,5255,5360,1286,4530,3991,4315,571
1103,5034,4312,3808,3161,2742,3702,3454,59,5721,1323,6180
5409,5318,6083,1793,1369,4835,375,6581,2504,4786,2860,169
2664,3287,4716,4237,466,3656,1949,432,2002,901,5309,1287
2455,3911,2566,6769,6154,2138,1204,808,4839,3044,4538,5408
4726,2017,6700,6147,2424,2137,4123,2615,3814,5238,3369,6428
5738,5009,1727,6483,3339,2086,5172,6789,2875,2010,5427,1042
1349,6087,4752,6602,5743,3693,6522,2375,3523,6237,2480,786
4534,3375,2259,6708,4204,5926,6035,3717,5246,5323,5684,6400
5545,6361,3461,1806,3139,6901,6101,2658,2962,570,4957,5186
6873,1513,5135,3330,4042,4532,4710,6626,2656,3467,514,1214
3017,4885,6339,3128,1901,4280,6126,3895,4942,6784,821,305
6588,978,2555,755,597,370,4930,5481,103,3221,1975,1648
2318,1683,5952,4085,284,5221,4141,4331,3940,2821,1210,2050
4258,1353,1072,826,5747,2737,2585,4014,4791,6656,5716,3433
4927,3039,6242,5617,646,5391,2398,969,1131,3117,3416,5646
1882,3272,6330,2450,1434,5058,4058,1725,5524,705,4601,6805
197,986,4682,5998,1064,3857,5175,3905,1520,3406,6778,2910
3601,2252,5834,417,196,1894,3460,6362,35,3262,5230,4477
4013,2700,5577,3302,6773,6359,686,5028,4512,119,2988,5143
2733,2292,4692,5880,6556,1777,5334,3997,531,6863,2633,3552
4212,4158,2423,1976,1373,3745,861,201,3248,5405,6543,5095
6057,4205,6252,1519,5791,1197,4900,2029,5480,2294,3593,4762
1963,1556,2215,1410,4019,5140,785,5958,265,2933,6684,5561
3754,6673,2233,3371,4023,5766,512,4412,1476,1061,1005,6843
1247,139,4615,4357,381,855,5927,6770,6475,1993,3970,3206
5020,4443,2886,2561,5439,6497,2543,2195,4758,1052,4064,1361
2275,4704,1739,6289,123,1684,2646,3883,5990,4057,4777,4498
2189,532,3507,6908,2502,4035,6412,5967,4311,3968,682,6812
3930,3989,3115,917,4849,4362,2507,1222,6893,6733,249,5828
567,2844,6372,3334,3920,4005,2254,4815,276,5978,5322,1623
5103,2306,212,1592,2474,856,5798,3082,4256,6485,3177,2321
3145,1699,1755,963,5215,3724,1187,6333,636,6182,1345,4077
3687,374,6312,5243,4890,6729,2,6891,5709,5985,4721,3268
5810,1474,4645,2324,5760,1748,839,4666,1537,1232,3386,135
4316,5831,4990,5278,3237,2894,6171,3896,1605,2539,55,1964
6265,3111,3677,3066,6494,970,675,4285,225,2553,346,4200
121,1718,1352,2780,4822,1995,5066,3956,6464,4447,2587,2191
462,5540,5416,4580,2989,6574,6001,3667,6233,1925,637,2668
517,5864,6667,4792,9,3856,688,1632,6904,4478,2796,236
3985,5962,1588,3011,1499,3276,2291,2546,4310,223,1141,4962
4438,3880,566,2833,5317,1421,4482,2327,1548,5852,6535,104
2595,921,5589,2217,3437,2995,660,5860,1709,6472,6365,1368
5973,6848,86,2244,820,1303,2811,4442,1615,3316,5464,3590
4278,4922,2727,4423,1637,4059,6234,522,2216,591,3301,6298
3558,5776,6410,2563,610,1529,2067,4714,3148,4636,3599,2855
1216,3233,6133,6209,2626,1510,1965,4783,907,5951,5718,3650
5462,4426,3121,2569,3962,2125,2065,6401,888,2964,4627,3789
2762,6417,3624,3234,734,4541,1316,5610,2460,915,6184,4946
6442,5193,118,1477,3072,4082,5296,1552,3914,4744,2089,6763
6620,2515,3838,3907,911,644,524,1384,166,1714,5130,2987
1885,6565,2745,5619,2366,4507,5836,5195,1117,21,3755,6855
5006,5348,4556,828,6307,419,2148,5920,1986,2850,1814,5711
4998,2803,1075,5490,897,5121,2134,525,700,6544,3653,5643
690,270,4012,4485,1571,5,4470,5890,6800,1482,3274,6552
2230,4686,2866,814,1015,6478,658,3449,5460,3170,3882,6097
1249,5680,2231,3180,645,6884,4543,6625,5091,60,2162,3633
1335,264,2667,6707,4847,4061,4585,2234,3877,5099,3397,6488
4078,4040,2387,4733,3529,4851,6653,3223,6578,482,852,6890
2348,2400,4051,2529,1650,3365,5284,6492,1914,99,5002,2590
95,858,4662,2352,5977,3992,1337,6621,4430,638,3488,6441
4029,1706,3107,4233,5235,4831,3993,718,2889,6422,6223,2403
596,543,1820,1945,5552,4043,6159,3886,4945,806,4655,2769
3441,862,991,4378,1831,5665,3032,204,2696,4009,4145,396
2156,3894,4474,219,5390,83,1181,2551,5953,3424,1594,811
6178,4959,4250,851,3455,2343,5353,4293,5801,4135,1586,1262
1861,464,2974,3885,3322,964,679,1479,6585,3765,6040,1283
6214,6852,3244,1961,4046,3983,6352,2816,280,327,1735,4314
2369,1712,2940,725,6222,4327,2508,70,542,3344,6364,1392
3267,3028,26,1032,235,428,4276,4731,1621,4100,6928,2242
2495,2838,6433,3283,4905,6190,5712,4419,813,6239,1790,3762
5389,2728,61,5913,3785,4611,2627,2201,6514,1252,411,6739
1817,3847,6630,3651,6344,6174,2598,2773,5558,1419,1733,4286
5241,2313,4252,3484,5096,1047,2477,5351,1295,5689,6624,1502
3835,2807,1690,3321,5896,5433,6395,4452,1929,944,599,2167
4308,2740,849,6156,5448,5583,3731,1424,1659,1636,3684,5935
5931,3605,6421,293,413,4194,2289,3815,4935,6695,36,843
355,315,1877,2841,5005,1094,3549,4163,6823,3714,4535,2574
2723,584,6592,990,4745,6426,347,875,2045,3707,4309,2579
977,4936,3817,4573,2192,4750,3278,111,6569,6837,546,4000
2604,2922,1880,27,2123,1219,1250,3853,6025,1391,4756,2509
2314,5333,4653,5070,3846,5214,5690,6589,1168,1334,632,3499
561,6047,1771,4429,2686,3347,6484,133,5407,3818,6876,5149
6008,6170,2135,4203,2516,49,2223,3560,3005,6370,245,3163
5592,1922,6603,5942,3370,5845,3942,1083,294,5261,2297,4220
1966,3182,5634,3073,1838,5606,3669,6487,4441,2525,5154,6112
3582,4402,1832,5825,4992,5213,539,5514,967,1681,6342,3542
4646,6135,228,1206,3719,1987,1933,4977,5109,2653,4374,3201
4567,2945,5369,1275,685,5974,3528,1764,3179,301,3793,5043
5859,3925,4132,6571,4940,2760,6705,651,1848,4425,231,3591
6216,790,1165,3417,2257,2220,4344,521,4397,170,3871,4836
